{
    "epoches": 5, 
    "batch_size": 32, 
    "learning_rate": 0.05, 
    "acc_record": [
        0.2153, 
        0.2322, 
        0.2081, 
        0.2665, 
        0.2325
    ], 
    "loss_record": [
        2.2123148441314697, 
        2.2054355144500732, 
        2.219700813293457, 
        2.1798787117004395, 
        2.206991672515869
    ], 
    "acc": 0.2325, 
    "loss": 2.206991672515869
}