{
    "epoches": 10, 
    "batch_size": 32, 
    "learning_rate": 0.01, 
    "acc_record": [
        0.028, 
        0.0327, 
        0.0335, 
        0.0365, 
        0.0303, 
        0.0322, 
        0.0236, 
        0.0267, 
        0.0274, 
        0.0438
    ], 
    "loss_record": [
        4.589170932769775, 
        4.585046768188477, 
        4.584885597229004, 
        4.5830559730529785, 
        4.588104248046875, 
        4.589310646057129, 
        4.593564033508301, 
        4.5910325050354, 
        4.593390464782715, 
        4.575458526611328
    ], 
    "acc": 0.0438, 
    "loss": 4.575458526611328
}