{
    "epoches": 40, 
    "batch_size": 32, 
    "learning_rate": 0.01, 
    "acc_record": [
        0.2644, 
        0.2586, 
        0.3022, 
        0.3041, 
        0.3241, 
        0.3272, 
        0.3624, 
        0.3616, 
        0.3548, 
        0.387, 
        0.3606, 
        0.4015, 
        0.4329, 
        0.4208, 
        0.4273, 
        0.4378, 
        0.4221, 
        0.4365, 
        0.4437, 
        0.4308, 
        0.4555, 
        0.4564, 
        0.4582, 
        0.4794, 
        0.4766, 
        0.4712, 
        0.4603, 
        0.4795, 
        0.4779, 
        0.4757, 
        0.5032, 
        0.5024, 
        0.4999, 
        0.5083, 
        0.4973, 
        0.5153, 
        0.5064, 
        0.5048, 
        0.5278, 
        0.5176
    ], 
    "loss_record": [
        2.18125319480896, 
        2.182136297225952, 
        2.1489224433898926, 
        2.1472668647766113, 
        2.129478931427002, 
        2.124202013015747, 
        2.0910816192626953, 
        2.092649459838867, 
        2.0970020294189453, 
        2.066836357116699, 
        2.093045234680176, 
        2.0519752502441406, 
        2.0231106281280518, 
        2.0336906909942627, 
        2.02775239944458, 
        2.0172228813171387, 
        2.0327768325805664, 
        2.018791437149048, 
        2.0110137462615967, 
        2.0240020751953125, 
        2.0005321502685547, 
        1.9988149404525757, 
        1.9994733333587646, 
        1.9773733615875244, 
        1.9806183576583862, 
        1.9859732389450073, 
        1.996410846710205, 
        1.977672815322876, 
        1.978774905204773, 
        1.981094241142273, 
        1.955493450164795, 
        1.9542149305343628, 
        1.9580103158950806, 
        1.9494136571884155, 
        1.9606419801712036, 
        1.9416089057922363, 
        1.952257513999939, 
        1.9535282850265503, 
        1.9299124479293823, 
        1.9402941465377808
    ], 
    "acc": 0.5176, 
    "loss": 1.9402941465377808
}