{
    "epoches": 20, 
    "batch_size": 32, 
    "learning_rate": 0.01, 
    "acc_record": [
        0.238, 
        0.2812, 
        0.2789, 
        0.2953, 
        0.3254, 
        0.3323, 
        0.3373, 
        0.3789, 
        0.3879, 
        0.3941, 
        0.3939, 
        0.4006, 
        0.4118, 
        0.4295, 
        0.443, 
        0.4458, 
        0.426, 
        0.4348, 
        0.4381, 
        0.4533
    ], 
    "loss_record": [
        2.198453187942505, 
        2.1687352657318115, 
        2.171316146850586, 
        2.1541361808776855, 
        2.123900890350342, 
        2.1182291507720947, 
        2.1148037910461426, 
        2.072357654571533, 
        2.067556381225586, 
        2.0628116130828857, 
        2.059040069580078, 
        2.0534446239471436, 
        2.0425353050231934, 
        2.026252508163452, 
        2.0111775398254395, 
        2.010925531387329, 
        2.029036045074463, 
        2.0206799507141113, 
        2.0182735919952393, 
        2.001547336578369
    ], 
    "acc": 0.4533, 
    "loss": 2.001547336578369
}