{
    "epoches": 10, 
    "batch_size": 32, 
    "learning_rate": 0.01, 
    "acc_record": [
        0.2478, 
        0.2214, 
        0.3127, 
        0.3265, 
        0.346, 
        0.3581, 
        0.3677, 
        0.3532, 
        0.4055, 
        0.4221
    ], 
    "loss_record": [
        2.1984477043151855, 
        2.2262370586395264, 
        2.1369540691375732, 
        2.127265453338623, 
        2.108774423599243, 
        2.0957655906677246, 
        2.0861454010009766, 
        2.1004798412323, 
        2.0484471321105957, 
        2.035175323486328
    ], 
    "acc": 0.4221, 
    "loss": 2.035175323486328
}