{
    "epoches": 5, 
    "batch_size": 32, 
    "learning_rate": 0.05, 
    "acc_record": [
        0.0216, 
        0.0151, 
        0.0206, 
        0.0262, 
        0.0193
    ], 
    "loss_record": [
        4.599905967712402, 
        4.60257625579834, 
        4.596317768096924, 
        4.593743324279785, 
        4.598423480987549
    ], 
    "acc": 0.0193, 
    "loss": 4.598423480987549
}