{
    "epoches": 5, 
    "batch_size": 16, 
    "learning_rate": 0.01, 
    "acc_record": [
        0.2655, 
        0.2964, 
        0.319, 
        0.3396, 
        0.3612
    ], 
    "loss_record": [
        2.1838910579681396, 
        2.1535584926605225, 
        2.13258957862854, 
        2.1141116619110107, 
        2.095719337463379
    ], 
    "acc": 0.3612, 
    "loss": 2.095719337463379
}