{
    "epoches": 5, 
    "batch_size": 16, 
    "learning_rate": 0.01, 
    "acc_record": [
        0.0295, 
        0.0311, 
        0.0336, 
        0.0425, 
        0.0387
    ], 
    "loss_record": [
        4.590608596801758, 
        4.587245941162109, 
        4.587734222412109, 
        4.578828811645508, 
        4.582265377044678
    ], 
    "acc": 0.0387, 
    "loss": 4.582265377044678
}