{
    "epoches": 20, 
    "batch_size": 32, 
    "learning_rate": 0.01, 
    "acc_record": [
        0.0247, 
        0.0355, 
        0.0361, 
        0.0314, 
        0.0359, 
        0.0326, 
        0.0383, 
        0.0369, 
        0.0425, 
        0.038, 
        0.0379, 
        0.0422, 
        0.0441, 
        0.0404, 
        0.0382, 
        0.0407, 
        0.0424, 
        0.0423, 
        0.0399, 
        0.0473
    ], 
    "loss_record": [
        4.592116832733154, 
        4.584466457366943, 
        4.584719181060791, 
        4.58677864074707, 
        4.582968235015869, 
        4.586415767669678, 
        4.581110954284668, 
        4.582223892211914, 
        4.57777738571167, 
        4.580279350280762, 
        4.57984733581543, 
        4.577823162078857, 
        4.5773186683654785, 
        4.57872200012207, 
        4.580864906311035, 
        4.577844619750977, 
        4.576807022094727, 
        4.576606750488281, 
        4.578526496887207, 
        4.572441101074219
    ], 
    "acc": 0.0473, 
    "loss": 4.572441101074219
}