{
    "epoches": 40, 
    "batch_size": 32, 
    "learning_rate": 0.01, 
    "acc_record": [
        0.0277, 
        0.0304, 
        0.0365, 
        0.0419, 
        0.0416, 
        0.046, 
        0.0502, 
        0.0456, 
        0.0497, 
        0.0489, 
        0.0492, 
        0.0464, 
        0.0482, 
        0.0444, 
        0.051, 
        0.0562, 
        0.0482, 
        0.0588, 
        0.0599, 
        0.0602, 
        0.0582, 
        0.0558, 
        0.0632, 
        0.0634, 
        0.0589, 
        0.0691, 
        0.0643, 
        0.0696, 
        0.0727, 
        0.0644, 
        0.066, 
        0.0756, 
        0.0746, 
        0.0728, 
        0.0703, 
        0.0711, 
        0.0657, 
        0.066, 
        0.0654, 
        0.0677
    ], 
    "loss_record": [
        4.5923686027526855, 
        4.5889716148376465, 
        4.583319187164307, 
        4.579769611358643, 
        4.579791069030762, 
        4.5756354331970215, 
        4.571896553039551, 
        4.574459552764893, 
        4.571052551269531, 
        4.571854591369629, 
        4.572232723236084, 
        4.574109077453613, 
        4.571804046630859, 
        4.576889991760254, 
        4.5710062980651855, 
        4.565070629119873, 
        4.571408271789551, 
        4.5620903968811035, 
        4.561485290527344, 
        4.562236785888672, 
        4.5617289543151855, 
        4.564391613006592, 
        4.55838680267334, 
        4.556614875793457, 
        4.561831474304199, 
        4.552597522735596, 
        4.556947708129883, 
        4.5523223876953125, 
        4.549075126647949, 
        4.556679725646973, 
        4.555180549621582, 
        4.545764923095703, 
        4.5466694831848145, 
        4.548346996307373, 
        4.55120849609375, 
        4.55002498626709, 
        4.555468559265137, 
        4.554473876953125, 
        4.555404186248779, 
        4.552880764007568
    ], 
    "acc": 0.0677, 
    "loss": 4.552880764007568
}